{"cameraMode":{"drawMode":0,"name":"Shaded","section":"Shading Mode"},"sceneLighting":false,"audioPlay":false,"sceneViewState":{"showFog":true,"showMaterialUpdate":false,"showSkybox":true,"showFlares":true,"showImageEffects":true,"showParticleSystems":true},"in2DMode":false,"pivot":{"x":19.442188262939454,"y":-4.023860931396484,"z":-26.982770919799806},"rotation":{"x":-0.012872322462499142,"y":0.9866506457328796,"z":-0.09830737113952637,"w":-0.1291918307542801},"size":34.55622100830078,"orthographic":false}