{"cameraMode":{"drawMode":0,"name":"Shaded","section":"Shading Mode"},"sceneLighting":false,"audioPlay":false,"sceneViewState":{"showFog":true,"showMaterialUpdate":false,"showSkybox":true,"showFlares":true,"showImageEffects":true,"showParticleSystems":true},"in2DMode":false,"pivot":{"x":-53.51179504394531,"y":56.71437454223633,"z":76.23727416992188},"rotation":{"x":-0.10919904708862305,"y":0.8861375451087952,"z":-0.3630181550979614,"w":-0.26655882596969607},"size":4.176909923553467,"orthographic":false}