{"cameraMode":{"drawMode":0,"name":"Shaded","section":"Shading Mode"},"sceneLighting":true,"audioPlay":false,"sceneViewState":{"showFog":true,"showMaterialUpdate":false,"showSkybox":true,"showFlares":true,"showImageEffects":true,"showParticleSystems":true},"in2DMode":false,"pivot":{"x":-39.54132843017578,"y":64.28923797607422,"z":99.52167510986328},"rotation":{"x":-0.08123502880334854,"y":0.7569233775138855,"z":-0.09588029235601425,"w":-0.6413071751594544},"size":22.515647888183595,"orthographic":false}