{"cameraMode":{"drawMode":0,"name":"Shaded","section":"Shading Mode"},"sceneLighting":false,"audioPlay":false,"sceneViewState":{"showFog":true,"showMaterialUpdate":false,"showSkybox":true,"showFlares":true,"showImageEffects":true,"showParticleSystems":true},"in2DMode":false,"pivot":{"x":-55.595985412597659,"y":60.668609619140628,"z":96.44474792480469},"rotation":{"x":-0.3569668233394623,"y":0.34375354647636416,"z":-0.14323849976062776,"w":-0.8566743731498718},"size":28.508827209472658,"orthographic":false}