{"cameraMode":{"drawMode":0,"name":"Shaded","section":"Shading Mode"},"sceneLighting":false,"audioPlay":false,"sceneViewState":{"showFog":true,"showMaterialUpdate":false,"showSkybox":true,"showFlares":true,"showImageEffects":true,"showParticleSystems":true},"in2DMode":false,"pivot":{"x":-60.283935546875,"y":57.972408294677737,"z":92.4954605102539},"rotation":{"x":-0.005509847309440374,"y":0.48737913370132449,"z":-0.003075620625168085,"w":-0.8731676936149597},"size":26.0384578704834,"orthographic":false}