{"cameraMode":{"drawMode":0,"name":"Shaded","section":"Shading Mode"},"sceneLighting":false,"audioPlay":false,"sceneViewState":{"showFog":true,"showMaterialUpdate":false,"showSkybox":true,"showFlares":true,"showImageEffects":true,"showParticleSystems":true},"in2DMode":false,"pivot":{"x":-58.015525817871097,"y":59.4681282043457,"z":94.86316680908203},"rotation":{"x":0.022515665739774705,"y":-0.5901286602020264,"z":0.01646771840751171,"w":0.806827187538147},"size":21.186708450317384,"orthographic":false}